-- Active: 1750467929662@@127.0.0.1@3307@banco

SHOW TABLES;

-- Inserts

INSERT INTO tipo_cuenta (nombre)
VALUES('Ahorros'),
('Corriente'),
('Inversion');

INSERT INTO descuento (nombre, tasa_descuento)
VALUES('Basico', 0.10),
('Platino', 0.15),
('Diamante', 0.20);

INSERT INTO intereses (monto_minimo, monto_maximo, tasa_interes) 
VALUES(100000.00, 249999.99, 0.05),
(250000.00, 499999.99, 0.10),
(500000.00, 9999999.99, 0.15);

INSERT INTO tipo_tarjeta (nombre, descuento_id)
VALUES('Joven', 1),
('Joven', 2),
('Joven', 3)
('Nomina', 1),
('Nomina', 2),
('Nomina', 3),
('Visa', 1),
('Visa', 2),
('Visa', 3);

INSERT INTO cuenta_bancaria (numero_cuenta, tipo_cuenta_id, monto, estado, fecha_creacion) VALUES
('1092837465', 1, 125000.50, 'Activa', '2022-05-12'),
('1982736450', 2, 150000.00, 'Bloqueada', '2021-11-03'),
('1203984756', 3, 342500.75, 'Activa', '2023-03-18'),
('1765432890', 2, 187500.00, 'Inactiva', '2020-08-09'),
('1654327890', 1, 250000.00, 'Cerrada', '2024-01-01'),
('1234987654', 3, 715000.00, 'Activa', '2023-10-27'),
('1098765432', 2, 1000000.00, 'Activa', '2022-02-14'),
('1567894321', 1, 128900.00, 'Inactiva', '2021-04-06'),
('1789567432', 3, 359000.00, 'Activa', '2020-12-25'),
('1452367890', 2, 240000.00, 'Cerrada', '2023-06-19'),
('1345627890', 1, 567800.00, 'Bloqueada', '2024-02-10'),
('1678904321', 2, 134000.00, 'Activa', '2022-11-29'),
('1223344556', 3, 239800.00, 'Activa', '2020-09-14'),
('1987654321', 1, 685000.00, 'Inactiva', '2021-06-07'),
('1445566778', 2, 192000.00, 'Cerrada', '2023-01-20'),
('1556677889', 3, 174500.00, 'Activa', '2020-03-08'),
('1667788990', 1, 380000.00, 'Activa', '2022-04-22'),
('1222333444', 2, 455000.00, 'Bloqueada', '2021-02-02'),
('1333444555', 3, 110000.00, 'Inactiva', '2024-05-13'),
('1444555666', 1, 169000.00, 'Activa', '2023-11-11'),
('1555666777', 2, 876000.00, 'Activa', '2021-12-31'),
('1666777888', 3, 320000.00, 'Cerrada', '2022-07-25'),
('1777888999', 1, 570000.00, 'Inactiva', '2020-10-16'),
('1888999000', 2, 920000.00, 'Activa', '2023-03-04'),
('1999000111', 3, 140000.00, 'Bloqueada', '2022-06-12'),
('1000111222', 1, 220000.00, 'Activa', '2021-01-01'),
('1111222333', 2, 118000.00, 'Cerrada', '2020-05-23'),
('1222333445', 3, 740000.00, 'Activa', '2024-03-15'),
('1333444556', 1, 180000.00, 'Activa', '2023-07-09'),
('1444555667', 2, 630000.00, 'Inactiva', '2020-06-30'),
('1555666778', 3, 970000.00, 'Activa', '2021-08-19'),
('1666777889', 1, 123000.00, 'Bloqueada', '2023-09-10'),
('1777888990', 2, 345000.00, 'Activa', '2022-10-03'),
('1888999001', 3, 456000.00, 'Cerrada', '2020-01-28'),
('1999000112', 1, 195000.00, 'Activa', '2021-03-17'),
('1000111223', 2, 390000.00, 'Inactiva', '2024-02-05'),
('1111222334', 3, 510000.00, 'Activa', '2020-11-07'),
('1222333446', 1, 178000.00, 'Activa', '2022-09-21'),
('1333444557', 2, 222000.00, 'Bloqueada', '2021-07-29'),
('1444555668', 3, 610000.00, 'Activa', '2023-12-15'),
('1555666779', 1, 342000.00, 'Cerrada', '2020-02-11'),
('1666777890', 2, 975000.00, 'Activa', '2022-05-08'),
('1777888991', 3, 620000.00, 'Inactiva', '2021-09-30'),
('1888999002', 1, 465000.00, 'Activa', '2020-04-04'),
('1999000113', 2, 350000.00, 'Bloqueada', '2023-01-26'),
('1000111224', 3, 260000.00, 'Activa', '2024-06-01'),
('1111222335', 1, 155000.00, 'Activa', '2020-07-22'),
('1222333447', 2, 810000.00, 'Cerrada', '2021-05-05'),
('1333444558', 3, 590000.00, 'Activa', '2023-04-27'),
('1444555669', 1, 199000.00, 'Inactiva', '2022-08-15');

INSERT INTO tarjeta (numero, tipo_tarjeta_id, cuenta_bancaria_id, fecha_expiracion, estado) VALUES
('4539123487651234', 3, 1, '2028-11-15', 'Activa'),
('5500987612348765', 6, 2, '2029-01-10', 'Bloqueada'),
('6011456723894567', 1, 3, '2030-06-10', 'Activa'),
('4539678945123456', 4, 4, '2029-08-09', 'Inactiva'),
('5500123478909876', 9, 5, '2030-02-21', 'Cerrada'),
('6011987654321098', 7, 6, '2029-04-28', 'Activa'),
('4539654382918472', 2, 7, '2028-10-05', 'Activa'),
('5500678932148753', 5, 8, '2029-12-31', 'Inactiva'),
('6011456732107654', 3, 9, '2029-07-14', 'Bloqueada'),
('4539876543214567', 8, 10, '2030-05-30', 'Activa'),
('4539219845612345', 6, 11, '2028-12-20', 'Bloqueada'),
('5500554466332211', 1, 12, '2029-06-18', 'Activa'),
('6011678999887766', 4, 13, '2029-10-11', 'Activa'),
('4539234567891243', 9, 14, '2030-03-25', 'Cerrada'),
('5500432167890012', 3, 15, '2028-09-01', 'Activa'),
('6011009832456789', 2, 16, '2029-11-07', 'Activa'),
('4539345690128765', 5, 17, '2030-01-14', 'Inactiva'),
('5500886612349955', 8, 18, '2029-08-08', 'Bloqueada'),
('6011333345678123', 7, 19, '2028-10-27', 'Activa'),
('4539567843123476', 4, 20, '2029-12-03', 'Cerrada'),
('5500776633001122', 6, 21, '2030-04-05', 'Activa'),
('6011777744990033', 1, 22, '2028-07-31', 'Activa'),
('4539987654129087', 9, 23, '2029-01-18', 'Inactiva'),
('5500456798123098', 2, 24, '2030-06-20', 'Activa'),
('6011452345678432', 5, 25, '2029-09-09', 'Bloqueada'),
('4539012345678923', 3, 26, '2028-06-14', 'Activa'),
('5500123489762345', 8, 27, '2030-03-03', 'Cerrada'),
('6011222333444555', 6, 28, '2029-11-25', 'Activa'),
('4539456789001122', 1, 29, '2028-08-29', 'Inactiva'),
('5500987643210123', 9, 30, '2030-02-11', 'Activa'),
('6011098765432109', 4, 31, '2029-05-01', 'Activa'),
('4539112345671234', 7, 32, '2028-09-23', 'Bloqueada'),
('5500345678213090', 2, 33, '2029-10-14', 'Activa'),
('6011678900123546', 5, 34, '2030-04-01', 'Activa'),
('4539345098765412', 3, 35, '2028-12-18', 'Cerrada'),
('5500554433221177', 6, 36, '2029-08-04', 'Activa'),
('6011998877665544', 8, 37, '2028-07-17', 'Inactiva'),
('4539012356987000', 1, 38, '2030-05-23', 'Activa'),
('5500223344556677', 4, 39, '2029-03-10', 'Bloqueada'),
('6011888999000111', 7, 40, '2028-11-11', 'Activa'),
('4539678945123045', 2, 41, '2029-06-07', 'Cerrada'),
('5500789065432101', 9, 42, '2028-08-05', 'Activa'),
('6011654321098787', 5, 43, '2029-02-22', 'Activa'),
('4539234578123045', 6, 44, '2028-07-12', 'Inactiva'),
('5500123498654301', 3, 45, '2030-01-27', 'Activa'),
('6011019283746500', 8, 46, '2029-12-14', 'Cerrada'),
('4539981234567890', 1, 47, '2028-06-24', 'Activa'),
('5500111222333444', 7, 48, '2029-04-30', 'Activa'),
('6011456789001123', 4, 49, '2028-10-03', 'Inactiva'),
('4539789012341098', 2, 50, '2029-09-18', 'Activa');

INSERT INTO cliente (nombre, telefono, direccion, tarjeta_id) VALUES
('Juan Perez', '3102345678', 'Calle 10 #12-34', 1),
('Maria Gomez', '3118765432', 'Carrera 7 #45-89', 2),
('Carlos Rodriguez', '3123456789', 'Avenida 1 #9-25', 3),
('Luisa Martinez', '3139876543', 'Transversal 6 #15-22', 4),
('Andres Torres', '3141122334', 'Diagonal 20 #40-80', 5),
('Camila Diaz', '3155566778', 'Calle 50 #78-90', 6),
('Sofia Romero', '3169988776', 'Carrera 30 #12-55', 7),
('Felipe Mendoza', '3172233445', 'Calle 80 #10-20', 8),
('Laura Herrera', '3183344556', 'Carrera 40 #34-56', 9),
('Mateo Rios', '3194455667', 'Calle 13 #7-89', 10),
('Valentina Ruiz', '3109988776', 'Carrera 60 #98-76', 11),
('Daniel Navarro', '3111122334', 'Avenida 5 #22-11', 12),
('Isabella Castano', '3126677889', 'Calle 23 #45-10', 13),
('David Morales', '3134455667', 'Carrera 25 #55-60', 14),
('Mariana Acosta', '3143344556', 'Transversal 8 #16-24', 15),
('Julian Pineda', '3152233445', 'Calle 14 #10-15', 16),
('Gabriela Lozano', '3165566778', 'Carrera 11 #19-45', 17),
('Sebastian Duarte', '3177788990', 'Calle 3 #3-33', 18),
('Ana Villalba', '3188899001', 'Carrera 9 #99-01', 19),
('Tomas Salazar', '3199900112', 'Calle 19 #40-44', 20),
('Lucia Rincon', '3101010101', 'Carrera 20 #20-20', 21),
('Emilio Quintero', '3112020202', 'Avenida 2 #30-10', 22),
('Daniela Fajardo', '3123030303', 'Calle 25 #67-12', 23),
('Nicolas Cardenas', '3134040404', 'Carrera 4 #14-28', 24),
('Sara Castro', '3145050505', 'Calle 66 #5-15', 25),
('Jorge Beltran', '3156060606', 'Carrera 70 #8-20', 26),
('Angela Zambrano', '3167070707', 'Avenida 10 #10-10', 27),
('Samuel Barrera', '3178080808', 'Carrera 15 #35-90', 28),
('Antonia Silva', '3189090909', 'Calle 48 #48-48', 29),
('Esteban Arias', '3190000000', 'Carrera 12 #12-12', 30),
('Paula Nino', '3101234567', 'Calle 100 #1-99', 31),
('Manuel Becerra', '3112345678', 'Carrera 3 #30-77', 32),
('Renata Pena', '3123451234', 'Transversal 5 #50-11', 33),
('Simon Montoya', '3134567890', 'Carrera 19 #28-28', 34),
('Alvaro Gaitan', '3145678901', 'Calle 60 #60-60', 35),
('Elena Hoyos', '3156789012', 'Carrera 16 #16-80', 36),
('Marcos Nino', '3167890123', 'Calle 77 #10-30', 37),
('Allison Cotes', '3178901234', 'Carrera 33 #33-33', 38),
('Santiago Oliva', '3189012345', 'Avenida 33 #55-88', 39),
('Catalina Ramirez', '3190123456', 'Calle 55 #99-77', 40),
('Kevin Sanchez', '3105678901', 'Carrera 23 #12-40', 41),
('Valeria Ibanez', '3116789012', 'Calle 41 #14-61', 42),
('Jacobo Ortega', '3127890123', 'Carrera 17 #17-17', 43),
('Leticia Camargo', '3138901234', 'Calle 22 #8-28', 44),
('Cristobal Serrano', '3149012345', 'Carrera 13 #45-65', 45),
('Diana Serrato', '3150123456', 'Calle 90 #78-34', 46),
('Ignacio Mena', '3161234567', 'Carrera 21 #18-18', 47),
('Marisol Prada', '3172345678', 'Avenida 44 #30-09', 48),
('Ernesto Amaya', '3183456789', 'Calle 17 #17-18', 49),
('Raquel Vera', '3194567890', 'Carrera 2 #2-22', 50);

INSERT INTO cuota_manejo (cliente_id, tarjeta_id, interes_id, descuento_id, total_cuotas, total_monto) VALUES
(1, 1, 2, 3, 10, 320000.00),
(2, 2, 1, 1, 6, 145000.00),
(3, 3, 3, 2, 18, 750000.00),
(4, 4, 2, 2, 12, 285000.00),
(5, 5, 1, 3, 3, 128000.00),
(6, 6, 3, 1, 24, 980000.00),
(7, 7, 2, 2, 9, 360000.00),
(8, 8, 3, 3, 8, 620000.00),
(9, 9, 1, 1, 2, 121000.00),
(10, 10, 3, 2, 20, 890000.00),
(11, 11, 2, 1, 7, 245000.00),
(12, 12, 1, 2, 4, 132500.00),
(13, 13, 3, 3, 14, 760000.00),
(14, 14, 2, 3, 10, 300000.00),
(15, 15, 3, 2, 6, 520000.00),
(16, 16, 1, 3, 5, 140000.00),
(17, 17, 2, 2, 12, 280000.00),
(18, 18, 3, 1, 22, 970000.00),
(19, 19, 2, 3, 3, 260000.00),
(20, 20, 1, 2, 4, 135000.00),
(21, 21, 3, 1, 16, 860000.00),
(22, 22, 2, 3, 9, 295000.00),
(23, 23, 1, 1, 7, 150000.00),
(24, 24, 3, 3, 13, 805000.00),
(25, 25, 2, 2, 6, 315000.00),
(26, 26, 1, 1, 2, 122000.00),
(27, 27, 3, 2, 18, 910000.00),
(28, 28, 2, 3, 5, 230000.00),
(29, 29, 3, 1, 21, 955000.00),
(30, 30, 1, 2, 3, 127000.00),
(31, 31, 2, 2, 11, 270000.00),
(32, 32, 3, 3, 14, 840000.00),
(33, 33, 1, 1, 6, 142000.00),
(34, 34, 2, 3, 8, 250000.00),
(35, 35, 3, 2, 24, 999000.00),
(36, 36, 1, 3, 5, 138000.00),
(37, 37, 2, 1, 7, 275000.00),
(38, 38, 3, 3, 19, 865000.00),
(39, 39, 1, 2, 4, 130000.00),
(40, 40, 2, 1, 10, 340000.00),
(41, 41, 3, 2, 12, 730000.00),
(42, 42, 1, 3, 3, 125000.00),
(43, 43, 2, 2, 8, 295000.00),
(44, 44, 3, 1, 17, 920000.00),
(45, 45, 2, 3, 6, 305000.00),
(46, 46, 1, 2, 5, 137000.00),
(47, 47, 3, 2, 15, 800000.00),
(48, 48, 2, 1, 11, 330000.00),
(49, 49, 1, 3, 4, 128500.00),
(50, 50, 3, 3, 20, 950000.00);

INSERT INTO pago (cliente_id, tarjeta_id, total) VALUES
(1, 1, 150000.00),
(2, 2, 210000.00),
(3, 3, 880000.00),
(4, 4, 132500.00),
(5, 5, 95000.00),
(6, 6, 765000.00),
(7, 7, 190000.00),
(8, 8, 340000.00),
(9, 9, 112000.00),
(10, 10, 875000.00),
(11, 11, 310000.00),
(12, 12, 102500.00),
(13, 13, 700000.00),
(14, 14, 260000.00),
(15, 15, 510000.00),
(16, 16, 140000.00),
(17, 17, 295000.00),
(18, 18, 910000.00),
(19, 19, 255000.00),
(20, 20, 133000.00),
(21, 21, 780000.00),
(22, 22, 290000.00),
(23, 23, 120000.00),
(24, 24, 835000.00),
(25, 25, 275000.00),
(26, 26, 108000.00),
(27, 27, 915000.00),
(28, 28, 225000.00),
(29, 29, 930000.00),
(30, 30, 126000.00),
(31, 31, 268000.00),
(32, 32, 810000.00),
(33, 33, 138000.00),
(34, 34, 230000.00),
(35, 35, 899000.00),
(36, 36, 135000.00),
(37, 37, 245000.00),
(38, 38, 867000.00),
(39, 39, 129000.00),
(40, 40, 310000.00),
(41, 41, 740000.00),
(42, 42, 122000.00),
(43, 43, 280000.00),
(44, 44, 885000.00),
(45, 45, 305000.00),
(46, 46, 139500.00),
(47, 47, 789000.00),
(48, 48, 315000.00),
(49, 49, 118000.00),
(50, 50, 925000.00);

INSERT INTO historial_pagos (pago_id, total, fecha) VALUES
(1, 150000.00, '2023-01-15 10:30:00'),
(2, 210000.00, '2023-02-10 14:45:00'),
(3, 450000.00, '2024-03-05 09:20:00'),
(4, 132500.00, '2023-07-18 11:05:00'),
(5, 95000.00, '2022-12-01 08:00:00'),
(6, 400000.00, '2024-08-10 13:40:00'),
(7, 190000.00, '2023-10-28 17:50:00'),
(8, 340000.00, '2023-11-07 12:30:00'),
(9, 112000.00, '2024-04-22 16:00:00'),
(10, 875000.00, '2025-01-01 08:15:00'),
(11, 155000.00, '2022-10-13 07:30:00'),
(12, 102500.00, '2023-06-11 10:00:00'),
(13, 700000.00, '2025-05-10 14:20:00'),
(14, 130000.00, '2024-02-02 13:13:00'),
(15, 510000.00, '2023-08-21 09:45:00'),
(16, 70000.00, '2022-11-27 11:25:00'),
(17, 145000.00, '2023-12-15 15:30:00'),
(18, 910000.00, '2024-09-09 10:50:00'),
(19, 125000.00, '2023-03-17 14:10:00'),
(20, 133000.00, '2024-05-25 08:40:00'),
(21, 780000.00, '2022-06-14 12:15:00'),
(22, 290000.00, '2023-01-20 09:55:00'),
(23, 60000.00, '2024-10-01 18:00:00'),
(24, 835000.00, '2023-09-03 07:45:00'),
(25, 200000.00, '2023-04-14 11:15:00'),
(26, 108000.00, '2022-07-29 13:33:00'),
(27, 915000.00, '2023-11-25 10:25:00'),
(28, 110000.00, '2024-06-19 16:45:00'),
(29, 930000.00, '2023-02-27 15:00:00'),
(30, 126000.00, '2023-10-12 09:35:00'),
(31, 134000.00, '2023-06-01 08:20:00'),
(32, 810000.00, '2024-11-11 12:10:00'),
(33, 138000.00, '2022-05-04 14:55:00'),
(34, 150000.00, '2023-07-22 11:00:00'),
(35, 899000.00, '2025-02-14 10:30:00'),
(36, 135000.00, '2023-03-01 13:05:00'),
(37, 245000.00, '2024-01-17 16:10:00'),
(38, 867000.00, '2023-08-09 15:15:00'),
(39, 129000.00, '2022-09-28 08:55:00'),
(40, 310000.00, '2024-07-04 17:20:00'),
(41, 740000.00, '2023-12-02 07:30:00'),
(42, 122000.00, '2022-06-26 14:40:00'),
(43, 280000.00, '2023-05-06 10:10:00'),
(44, 885000.00, '2025-04-08 13:50:00'),
(45, 305000.00, '2023-09-27 09:00:00'),
(46, 139500.00, '2022-08-16 15:35:00'),
(47, 789000.00, '2024-03-14 11:45:00'),
(48, 315000.00, '2023-10-30 12:25:00'),
(49, 118000.00, '2022-04-19 14:30:00'),
(50, 925000.00, '2024-12-21 08:05:00');

INSERT INTO historial_cuotas (cuotas_manejo_id, total_cuotas, total_monto, fecha_cuota) VALUES
(1, 6, 145000.00, '2023-01-10 08:00:00'),
(2, 9, 310000.00, '2023-02-15 09:30:00'),
(3, 12, 620000.00, '2024-03-05 10:45:00'),
(4, 5, 130000.00, '2023-04-20 11:15:00'),
(5, 3, 98000.00, '2022-12-10 12:00:00'),
(6, 24, 950000.00, '2025-05-01 13:30:00'),
(7, 8, 370000.00, '2023-06-18 14:45:00'),
(8, 7, 310000.00, '2023-07-22 15:50:00'),
(9, 2, 120000.00, '2022-11-03 16:00:00'),
(10, 20, 850000.00, '2024-10-05 09:25:00'),
(11, 7, 280000.00, '2023-03-08 10:10:00'),
(12, 4, 100000.00, '2024-06-17 08:50:00'),
(13, 18, 770000.00, '2023-09-28 11:35:00'),
(14, 10, 310000.00, '2023-12-12 14:20:00'),
(15, 6, 505000.00, '2022-07-07 13:10:00'),
(16, 5, 138000.00, '2023-10-01 15:00:00'),
(17, 9, 290000.00, '2024-01-04 09:15:00'),
(18, 22, 899000.00, '2023-02-18 16:45:00'),
(19, 4, 122000.00, '2023-05-10 08:30:00'),
(20, 6, 134500.00, '2022-08-19 10:25:00'),
(21, 16, 765000.00, '2023-07-29 11:55:00'),
(22, 8, 270000.00, '2023-03-03 14:10:00'),
(23, 4, 113000.00, '2022-10-14 12:35:00'),
(24, 11, 850000.00, '2024-09-25 16:00:00'),
(25, 6, 305000.00, '2023-11-06 09:45:00'),
(26, 2, 111000.00, '2023-01-27 13:00:00'),
(27, 24, 900000.00, '2024-03-13 10:50:00'),
(28, 6, 210000.00, '2023-08-04 15:25:00'),
(29, 19, 935000.00, '2022-06-22 11:20:00'),
(30, 4, 124000.00, '2024-05-31 12:10:00'),
(31, 10, 270000.00, '2023-09-02 14:35:00'),
(32, 13, 820000.00, '2025-04-14 10:15:00'),
(33, 3, 145000.00, '2022-09-17 09:10:00'),
(34, 5, 245000.00, '2023-02-28 13:50:00'),
(35, 23, 890000.00, '2024-12-01 15:40:00'),
(36, 4, 133000.00, '2023-06-09 08:00:00'),
(37, 6, 260000.00, '2023-10-25 16:25:00'),
(38, 20, 865000.00, '2022-11-30 14:15:00'),
(39, 4, 128000.00, '2023-05-17 12:45:00'),
(40, 6, 312000.00, '2024-07-11 09:00:00'),
(41, 18, 755000.00, '2023-04-19 11:35:00'),
(42, 3, 110000.00, '2022-05-22 13:30:00'),
(43, 8, 284000.00, '2023-09-15 14:00:00'),
(44, 12, 920000.00, '2025-03-06 15:55:00'),
(45, 9, 310000.00, '2023-01-09 10:45:00'),
(46, 5, 132000.00, '2022-12-20 08:30:00'),
(47, 14, 789000.00, '2024-02-03 09:55:00'),
(48, 8, 299000.00, '2023-08-15 12:00:00'),
(49, 3, 112000.00, '2022-04-27 14:50:00'),
(50, 25, 925000.00, '2024-11-24 13:20:00');